Dates, Index, Long Short Equity, Distressed Debt, Large, Arbitrage, Medium, Billion Dollar, CTA/Managed Futures, Multi-Strategy, Small, Fixed Income, Event Driven, Macro, Relative Value, Top 50, SPY
1999-12-31,100.0,100.0,100.0,100.0,100.0,100.0,100.0,100.0,100.0,100.0,100.0,100.0,100.0,100.0,,100.0
2000-01-31,101.50059459277,101.606620061054,101.724123485594,99.57345452316099,101.706667514577,99.7398534929986,101.382798412025,102.05520077898399,101.52985730121999,102.08749910203301,100.488505438459,101.296169839818,100.19413652578301,100.98684175034401,,95.02125967033581
2000-02-29,106.87066158359801,110.689059329594,106.73399986004401,101.74281643071998,104.324950604687,102.555515108603,102.581443045716,102.82967777101801,105.628053768158,106.182991840979,103.127608662712,105.50246734221001,105.608065999594,103.93818534642901,,93.57444221345621
2000-03-31,108.61322603003599,113.964819585167,107.07786945213199,102.039900893578,106.207456663785,103.134581132546,104.32497978524201,101.655034766402,106.389187371576,108.801840792646,104.45009606256201,107.186017623549,106.25318592422501,107.538433732423,,102.6431750875473
2000-04-28,107.318255752173,111.47251030743,106.6582567374,100.67427700019199,107.69561632566601,101.89051130799801,104.312330615509,100.764389868076,105.672274604599,107.572267754897,103.909874085387,106.259492166367,104.604581216437,107.816962895406,,99.03830024183296
2000-05-31,107.54640642942101,110.750606087382,106.80845306982599,99.0620379657515,109.14433194780001,102.54064919669099,105.746114891011,103.08305131130899,105.324732844195,108.309793468752,103.192173136633,105.759428505546,105.091261208244,108.797365344209,,97.48113513513105
2000-06-30,110.043150859949,114.76744243584801,109.49238582592699,101.67323642176001,111.07848264056,104.196172734396,108.837969507975,102.78869470382601,107.905931806453,110.52131485328,105.32696198478399,108.62151023475401,106.99717164858801,111.199378472192,,99.39974618064345
2000-07-31,110.300726019985,115.139399367163,111.71868624311001,102.83471465727699,112.091314092004,104.169451689431,110.832351148192,101.90435332122,108.594977052164,110.833611389534,106.498740469453,109.71363507709299,106.23009440423999,111.462946412377,,97.83898592045163
2000-08-31,114.234846184378,120.68312486487801,114.387844057309,106.42092706801701,113.87585369531601,106.07912327492599,113.046214058568,105.807709476339,111.32939192301399,114.86086419258699,108.24716515052799,112.224895846674,108.682937814828,114.20677383777,,104.2318072882198
2000-09-29,113.995047841248,120.229012073551,115.09506331723101,107.098084806504,115.26025809029801,105.99609272937201,114.13128253071501,104.99719051735201,111.00661903802099,114.378675564971,108.47870522478901,112.832391360054,108.261645224584,115.072667197376,,98.51346103754305
2000-10-31,113.97419107248899,119.448499089485,113.802931725898,108.117113252024,115.97445466231702,106.663256970528,115.32267447393801,106.64030585116699,111.43653845226801,114.27955257547501,108.06805046729299,111.773964447083,107.712095847301,115.81607724733101,,98.05263532731593
2000-11-30,113.82198158593599,116.506707697608,110.556335737821,109.53676721071899,116.289056232967,107.64581393453899,117.02756552237801,111.940105700299,111.91368540887899,114.770400985483,107.91928674571301,110.386071601922,109.81743527098601,114.854168679776,,90.73270520250635
2000-12-29,118.00503325630699,119.737410382852,111.42368656382901,112.26598007661,117.477803944914,110.682156615105,119.003106103971,121.274635349574,115.579420345866,119.366250334818,110.63410333898001,112.398412237283,114.52875179973199,117.405892060733,,90.2585097777154
2001-01-31,121.58846081177401,124.026794960331,115.086881325944,114.79391857710199,120.497370357782,112.72948650551099,122.13247735396,123.008767944811,119.553495615147,123.09058800538999,114.49152747389401,116.98468924392901,117.27042542228995,122.183536938288,,94.27127112846243
2001-02-28,121.312163643771,122.58891221802799,117.189053251203,116.13931364397399,121.328513939041,112.603338291267,123.103019493176,123.717474892526,119.86562392242399,123.211864206773,115.242893836938,117.465180657701,116.523880245635,122.24890717832301,,85.27900177257028
2001-03-30,121.993905581716,121.24550897873199,116.544806677712,117.506137368678,121.774182214435,114.186359155491,124.109292870558,129.70817091705098,120.594484194818,124.447609495992,115.676421447045,116.78908325116,117.63861365264499,122.05368994917299,,80.50021430307113
2001-04-30,123.337368870424,124.65055632053,117.860703198841,117.08422345144301,123.392821139025,114.16280202307199,123.777190391597,125.942965779675,121.392753826771,125.69773367248199,116.62090848302601,118.53084781835301,117.264121885602,124.23993662735201,,87.37813056730991
2001-05-31,125.340495776817,127.106137789217,120.61231596856001,118.555142185857,124.848694917182,115.420541317955,125.203433200603,127.724417519408,123.217657117558,127.903191048609,117.887166201751,121.301970664403,117.96807768777398,126.235995551145,,86.88840681571175
2001-06-29,126.14794057589,128.261204112267,125.543140789126,118.02710894709699,124.986265482477,116.309278761416,124.33827847706699,127.239471458943,123.70188982401301,129.404347386144,118.791263819855,123.084743832122,118.994995519888,127.43934749208,,84.8178492302077
2001-07-31,125.806032342076,127.21039401574801,126.29369270559299,118.323704954336,125.882547241685,115.60762468849899,124.42936336597299,126.938991699352,123.636373660525,129.334640254592,119.85883267280799,123.687740680397,118.916985703734,127.89175053309602,,83.95305139982584
2001-08-31,126.583612661217,126.77282206200199,127.506904185499,119.25206245547199,127.091194470588,116.50183077122801,125.52434076133801,129.58437576148899,125.063706933557,130.762175531838,121.53076096232901,124.814945535072,119.405652725104,130.130823637698,,78.97193963699287
2001-09-28,125.119722611056,122.978345708134,126.20736647472201,119.703130422292,126.303418704713,116.716781956113,125.27117942081499,132.687581824094,124.30926705011,129.05360241981,120.802821372759,121.407047835851,120.23092016682502,128.331179427862,,72.52541138854937
2001-10-31,127.827153423368,125.609498734183,127.784005615231,121.81313295680599,127.41755432685,118.30175251368999,126.38012738553101,137.410621836559,127.06363591238701,132.520747245205,122.748018263373,123.331583125602,123.316602505357,128.778777738651,,73.46980424503259
2001-11-30,128.936953721705,128.914375441756,129.557698884892,120.771448525171,128.246114015079,118.6072515626,125.802606312099,131.426985690753,128.642114670937,133.880150728482,125.124559773053,125.45430434694201,123.700134899959,131.717195505657,,79.19879914272691
2001-12-31,131.10604166137,131.77516003466698,129.68096980728998,122.085083278864,129.158437821331,119.96001221469,127.498803952425,133.11278189843202,130.447261062467,136.713095394062,126.74122824407101,127.593468027463,126.742022900086,132.757552877714,,79.6454190561833
2002-01-31,131.947673128719,132.888027372052,132.06955062702298,122.61856921116,130.674854397812,121.00489464537901,128.30535119221,132.229854164073,131.421399071079,138.399681856127,127.840984689499,129.135307275883,127.826680677155,134.36891440455202,,78.86500472272434
2002-02-28,131.772570195406,132.785934228392,131.65272422191998,121.91344276636002,131.176462438234,121.097991782748,128.053418148181,130.17662475476,131.96390647047198,138.91541971679501,128.96697672635,128.626522371603,128.97842908968,134.207495800304,,77.45045243828555
2002-03-28,134.111687955951,136.057280129537,132.917808115142,123.211977043897,132.011305633063,122.361673205774,128.666246330853,131.542083032441,134.068681571015,141.72851739753798,130.311591935276,131.571342988952,129.527476464429,137.507141447966,,80.0273110053273
2002-04-30,134.837324068221,136.687347791022,135.034408254196,122.987358779808,132.911201418765,123.00982506658801,129.082923763483,130.942023413118,135.203327499976,143.62183329105,132.136335745647,132.642326642463,130.91333280383898,138.620050819228,,75.37327460185195
2002-05-31,136.353376290289,137.126308551589,136.91444490270501,124.177469163761,133.621430646098,124.37318719605301,130.439220969794,135.73387097155398,136.70327954481002,146.256829869043,133.144190450405,133.206615371172,133.44879612756398,138.73955916149401,,74.92603142711405
2002-06-28,136.49881499045,134.64698401313498,134.737610448939,124.261497328902,133.69492174175699,124.34448093884501,129.880135286113,144.376077108326,136.71201216682502,146.827618839768,133.269503383183,129.386737447669,134.418494640817,139.072203610824,,69.39591768421039
2002-07-31,135.16144371982,130.80460114723,131.045385757512,124.23469210716401,133.844083790227,123.26438944370399,128.80625640701598,150.030860420451,135.805035906217,145.557840339442,132.81492319543,126.157716436378,134.39423487114402,136.535312993287,,63.92616147590096
2002-08-30,136.554682730645,131.591913796753,131.392244883568,125.279531509435,134.733382641894,124.036482557702,130.616049376199,153.1168685469,138.34439556192498,147.596807649524,134.036050018093,126.961342332222,136.122505231986,137.320976333793,,64.36094702575537
2002-09-30,136.252178522602,129.484918433123,130.146993362668,125.567608074872,135.68713533425802,123.886369894986,130.765056663976,157.66650568854098,138.601294103736,147.023394901007,134.06588696742702,125.617028289159,137.016568071485,136.668049802007,,57.612543695746346
2002-10-31,136.786903608244,130.898295881782,129.744092967368,125.471318010377,136.189960683847,123.706062012789,130.31081036089302,153.810099572879,140.509228595165,147.850025656895,134.890960436247,126.454653081744,137.293273425876,140.239771517501,,62.353114607640684
2002-11-29,139.13016694138798,134.22055403198098,134.53643345504298,126.177355199841,138.139205080839,125.35914088353,132.282955180042,152.906887073033,142.235202437052,150.402489133508,137.266135480412,129.872017607325,138.579801739799,143.501486453581,,66.19911936221217
2002-12-31,140.772014403272,133.242689092572,138.459176313,127.876468428468,139.522453181137,126.321207186078,134.489818359458,161.549445590284,144.63302271732599,152.984429950604,139.49379032315,130.998805885148,141.016066787878,144.88482286914,,62.45422354907624
2003-01-31,142.64441702692199,133.61689771543502,142.315296722476,130.212581361935,141.430353488545,127.891037153025,136.574438631643,167.794994567312,146.86806530391502,155.038184360293,141.810879993651,132.635013576169,143.66382484527202,145.564777911249,,60.918184719594365
2003-02-28,143.63209668772302,133.264522061471,144.031452210687,131.382159593866,142.544367752057,128.8321865103,138.23497756425502,172.994499857569,148.236335194102,156.295109891128,143.285397535092,132.558704517661,145.675213160494,145.61590493913098,,60.09706838415181
2003-03-31,143.227744982422,133.612159917333,146.447048825268,129.790450017167,143.44211184506,128.518629512087,136.201530789833,166.539162013367,148.753057700452,155.382644754359,144.712743748305,133.529732666714,144.514553782282,146.49183735141702,,60.225684430195905
2003-04-30,146.872947143009,137.704322815198,152.99743530467399,132.459067037018,144.97599601867398,131.488291888291,139.191916901248,168.95005936235398,151.784117732553,159.673279259603,147.825524312251,137.80020422732798,148.445202674796,151.70443284787902,,65.32147626883264
2003-05-30,152.400933681434,143.413567325087,158.68142474335698,135.981831145957,147.449790156391,135.744477529013,144.04429827623002,177.883251650718,156.055761074373,166.452724854396,150.711813268593,142.221144517482,154.797523491752,156.228170613863,,68.90345766357132
2003-06-30,154.048849676195,145.95943604224,163.474850221871,136.400458377815,147.958894809675,136.882391348755,144.306268849992,174.947389354486,157.489545727729,169.25662856301702,152.63981009275,145.728676678686,156.798860188871,159.025020808241,,69.63740862856599
2003-07-31,155.912305997105,149.02149027222998,165.70940524703198,136.006036422163,148.035819545392,137.84381919448998,144.244401723859,174.585019030752,159.611510534445,171.844986842575,153.299147231748,148.144653087874,156.36134826192,161.64275936469102,,70.89277846154945
2003-08-29,159.004802294083,153.081558522101,168.674628668666,136.863493938403,148.645689689452,139.736681966831,146.12639379824802,176.200828365857,163.088631751179,176.043238910615,154.53227779385,150.792282552763,159.21361560341498,164.72661126488995,,72.35501023402625
2003-09-30,161.12463054594102,154.78084631567802,173.30943224674598,137.812968030683,150.545306587766,141.738177936017,147.330677290708,177.876394015979,165.791735715928,179.21289539231395,156.473575569049,152.94873546944999,162.867937706157,166.946924776185,,71.56585504113106
2003-10-31,165.327964943477,159.68020366993,178.358813095356,140.33801828103,152.530933268153,145.010997371704,150.17740138960198,183.30520432177101,169.602167508893,184.844455852066,157.970886577733,156.124063210539,165.233566837568,171.906907976399,,75.39657089243644
2003-11-28,166.951860684946,161.705408155606,181.180072675074,140.560400195154,153.675213305894,145.642456826374,150.920106892331,183.213509445867,171.625487926353,186.34004790770598,159.326190368911,158.385814970441,165.986396322622,174.409203915358,,76.2199978550691
2003-12-31,170.653887657452,165.00402240798002,185.20962407801,143.991828423111,154.905311599785,148.76823512449604,154.42872581575898,189.077716980466,175.811454197611,191.08846409208198,161.734129450798,161.654418453755,171.155135139593,177.80291551448795,,80.05482571068319
2004-01-30,173.744264649176,168.679404405491,192.3988054102,146.109252414294,156.806775754803,150.953910948788,156.43220219072902,191.00120360584305,178.499814685747,194.50426202851398,163.792225458878,166.051513609099,173.02500898237702,180.853844577946,,81.63752932843369
2004-02-27,176.73988303349,171.165627361805,194.662339097409,148.61333869838,157.94155640979798,153.202712747523,160.38885312541902,199.010817918271,181.035999998758,198.641051244888,164.691913530751,168.21326514577,175.09352141598495,181.88221755370705,,82.7453914578697
2004-03-31,178.115913199037,172.45597430410598,195.267834459165,149.51117958588802,158.820945963634,154.719924988489,161.95120477132602,200.14457493081198,183.153502676558,200.91846957030398,165.903398529788,168.746283548459,177.11756601014702,182.70931703720402,,81.64936369203565
2004-04-30,175.63754518212795,169.624503417536,197.48869930645,147.180985109216,158.677417596419,152.852259695221,158.273845964469,193.834987053379,181.545461726936,198.139889106091,165.951519880805,168.790889356387,173.89903420588,181.426246088198,,80.10445859078648
2004-05-28,175.053939693627,169.059421548807,196.994754616398,145.622643590462,158.594198001043,151.461153059571,156.935920044323,192.380520185202,181.30127227781898,197.171286770694,165.51151981129,168.40836702072,173.476678165246,181.38683178960602,,81.47612745875625
2004-06-30,175.695804538881,170.737180921623,201.15847538645198,145.744042092206,158.580952474063,151.836039158573,156.598420553278,188.563208542257,182.409613263689,197.74188981248005,166.38759755966,170.631719108287,173.005894561334,183.16715979160702,,82.9835532748922
2004-07-30,174.80870190788897,168.575298239835,201.146024675466,144.920458201662,158.716816481992,151.354096511629,155.029996112135,188.07905849839298,183.400382079551,197.178882807433,167.505551018928,170.026958359816,172.67913725537602,183.342305467959,,80.30992199277001
2004-08-31,175.054882381191,168.535699954294,203.132671261243,145.060722274276,159.334800924371,151.628579450583,155.21527305969101,187.517088682304,184.53455538910998,197.75661453021095,169.070362088447,171.068291507395,172.28815012649503,183.45431903048697,,80.50553482620626
2004-09-30,178.090331883493,172.515009927109,205.85620767679,146.610812924548,159.696739480122,153.449704559305,156.886056725053,191.186560790887,187.26757622967202,201.503552603016,170.440930938917,173.379373706562,174.063416296492,185.63391577802201,,81.31359307772577
2004-10-29,180.069146902707,174.22645688351398,209.485660224216,147.981678494068,160.380325946895,154.944358198301,159.364465772188,194.94834688015598,189.414230513293,203.55186464545798,172.13005585828705,175.30939463185,175.60783354103802,186.32649133477005,,82.3612952919983
2004-11-30,185.43600176203896,179.989212522511,216.173760340831,151.680235783077,161.891954163241,159.05658843189102,163.826148883554,202.593037793288,194.60297361502202,209.865889703857,174.394448266913,181.05054623907398,181.148951408227,190.816691803074,,86.02783500084861
2004-12-31,188.094013427912,183.289149014877,222.528933775453,153.98772679814698,163.23102991802,161.132763278363,166.380193452509,203.10886389164295,197.939853703069,212.67284419996201,176.47333201990105,185.65728691054,182.390787834108,193.130203358644,,88.61904377886052
2005-01-31,187.75857523326096,183.66443831233897,223.928894732569,153.691495509918,163.233281052426,161.370706665493,164.824602732306,198.897221105288,197.917346431335,211.88989833778496,177.357160715686,186.174601862949,181.949548288865,193.56129705516102,,86.63216282077721
2005-02-28,191.104500192775,187.946157599781,227.36935329382302,155.773100711646,163.87777599818997,164.14770698376302,167.11404757499,200.508736329605,202.415743959692,215.50066157240397,179.15750220321098,189.744182276297,185.41230458123403,196.206962644693,,88.44307887728755
2005-03-31,190.03707627717202,186.136018671308,228.444963148103,155.304498314527,163.527056129329,163.274624819845,166.508819262562,199.85651623860198,201.249941882565,214.169683556963,178.94539114541405,189.81514568394695,184.467620541818,196.059931972758,,86.82522180310856
2005-04-29,187.763358207424,183.119533916964,227.688750331781,153.133038378044,162.001102709109,161.605216578632,163.481546245045,196.509630155831,200.12852985512,211.455781627084,179.053870273098,186.46616484137903,184.183980576813,194.441631614799,,85.19854786201999
2005-05-31,189.98224620665505,185.501618681221,228.629084396257,154.439769986264,161.774915721961,162.78769537953698,165.242934532651,201.30105448020302,201.099316438734,214.05173057096297,179.847467978773,188.598936566185,185.872581080095,196.022219513228,,87.94402900870827
2005-06-30,193.01661798830295,188.82790573820702,231.75846207165,156.866903618462,163.005307126209,165.400214323974,168.116709942498,205.87055975246798,203.61444756034905,217.364228284101,181.36560827891398,191.854602307259,187.866998760518,197.492526308544,,88.07723970651692
2005-07-29,196.440754555118,193.82969507446603,236.046756759365,159.175810565208,164.856545387451,168.451787390835,170.154972793859,206.858250943193,206.750278639985,221.158128593844,182.861665775335,195.91445343043202,189.76671461178,200.431590693465,,91.44719065357384
2005-08-31,198.421596255936,196.047815412497,238.796242929629,160.806251449322,165.836368851098,170.134331133101,171.543067823197,209.120386964742,208.912449564865,223.06484507439603,183.64260281580502,198.046926157835,191.18162869364897,200.713433277373,,90.58994036529648
2005-09-30,202.757292999098,201.572209395154,240.824343505434,164.705638389686,167.28478863200002,173.89276639965198,175.321881458348,212.182818364733,213.561999874371,227.725534796341,185.09548638246602,200.965068160712,196.119809659125,203.800051425473,,91.31697465021551
2005-10-31,200.72236400725498,197.92650021372398,240.766517084226,162.585404745655,167.33029454669,171.91135288512902,173.41745979605702,211.755740710611,211.85517162826199,225.227157390607,185.24311422531602,198.469946268485,194.838765234622,202.84854680623695,,89.15723749621958
2005-11-30,205.156326514681,202.74642790142101,243.81913172603905,165.545804750347,168.143980330945,175.431864866941,176.35918676485196,219.11733528149503,216.39769683801498,230.322293931621,186.170142259208,202.189479522607,198.174191806664,205.06599418036097,,93.07592439719043
2005-12-30,209.328954759586,208.639141929198,247.923178179588,169.000079729151,169.765829632875,178.888299211817,178.68889402,220.590097962481,221.239835991435,234.76493540904,187.573676394452,205.830808120628,201.259008877599,207.46939237736697,,92.89781608486872
2006-01-31,216.287356661303,217.656529335191,253.178840209086,174.16723567461003,172.81051598419205,184.33751995208198,183.484392499064,225.519162682095,228.714468486112,242.56963810691798,189.770596138663,213.22019159606603,207.43748958353802,212.98025423269797,,95.12869623392851
2006-02-28,217.396927198391,218.878351428595,256.065436803418,174.371275099622,174.34316729901403,184.992348646235,184.24434453358398,224.06888167941295,231.587614985425,243.58977981344398,190.9901458543,215.475205195937,208.65559545032602,215.027138762681,,95.67331258278641
2006-03-31,221.750508598662,224.42583747256901,261.43733513139097,177.66623125046505,175.98077316848202,188.217702589149,187.64650873278302,229.10863382864602,235.565020990069,248.788046912363,191.85325309479302,220.930958598567,209.492130860594,218.929951429349,,97.2523222373317
2006-04-28,226.591621578658,229.127666119917,267.355158143309,181.106039947098,177.615250238555,191.79704072193695,190.983207624385,237.94682507076698,239.93293258889702,254.181186537683,193.35543001485402,224.96219045316602,214.03513374620601,221.694413675577,,98.48080062624079
2006-05-31,223.507036857448,223.477233073045,270.001738136301,177.20221637404,178.427845754003,189.03469414851295,187.082410708557,237.385248614582,237.544804795597,250.79587808897202,193.614333450877,223.156953640444,210.13630865212897,221.476052504538,,95.51449496720316
2006-06-30,222.918362577309,222.18110690449902,270.143472052161,176.76839487649102,179.670289619338,188.11196012321705,186.547103269636,235.826067102319,238.441434256008,249.94800898647702,193.853829986163,223.27483201065,209.97356613520802,221.182119202467,,95.76359425964199
2006-07-31,222.601521471165,221.712105166142,270.355038204405,176.725950017846,180.912095560298,187.73436987763,186.597702718432,232.51955090183895,239.71409711643105,249.394250633984,195.102992838783,222.151632705643,211.716570346268,221.851550580152,,96.1924512265744
2006-08-31,224.89903612909802,224.44059065904997,272.496601001193,178.23825751105,182.38761091287498,189.35211270055302,188.003646354365,234.415813103283,242.07687963849202,252.08209185106602,196.80164349886797,225.663617425426,212.467541061324,223.43516547253503,,98.29159522280868
2006-09-29,225.323218201252,224.960084357207,274.431856062404,178.627227632651,183.73228595314998,189.697910900293,188.44587396516,233.08683663228803,243.77878412848202,252.208865496673,198.148732952256,226.581283180322,211.630088988461,224.334726608159,,100.94558617381495
2006-10-31,229.33231054580503,229.907208068321,279.93722908434,181.643691571638,185.41350794027,192.794530099103,191.339413276329,236.429532872334,248.228169128988,256.525091372692,199.832777581769,231.759979089372,214.130007511085,227.808039207043,,104.12714499740473
2006-11-30,234.343019485481,235.665239477518,284.871391190503,184.583002146082,186.809295103834,196.41663136704497,194.12290317277802,242.977261874092,253.256040306199,262.287952776152,201.55932412638302,236.82619430947798,218.116668930498,231.244293545525,,106.19767978066677
2006-12-29,238.14431698669497,240.403970036785,289.888473204012,187.945668764208,189.222492719734,200.073973918515,197.86059179584203,243.943385817841,258.525518524388,266.21210780733503,203.362312716636,241.779847148904,221.61175382199798,234.059927097431,100.0,107.61769700244007
2007-01-31,241.186370701132,243.78371340433497,294.794619641341,190.073495339537,191.899270805552,202.38401178512,200.10868478857398,246.828994248611,261.839486168205,269.610859309355,205.23481491164296,246.442792504701,222.68546874109902,236.666112441424,101.21883108155399,109.23632935284729
2007-02-28,242.848604785504,245.917490802534,301.987072091838,191.31681061946801,194.25294028569303,203.84196170246202,201.384239115895,245.32094508277697,264.416461181064,271.215102102284,206.880339077807,249.857794387831,223.398232789389,237.76241628481498,102.26199694869801,107.09335944747431
2007-03-30,244.720749982237,249.223101882803,304.636453889564,193.467625669113,195.38184284546003,205.77890927166303,204.23523118387,242.28541987856602,267.435437254617,272.875520195835,208.379703897229,253.653775945116,225.43483503326001,239.227771289632,103.504172041382,108.33447027845564
2007-04-30,249.40862421424703,254.58992724920398,310.081225285612,197.213671457371,196.699545690523,209.69799126239602,208.47937910479197,247.038612255472,273.33425355214297,277.91446182647496,210.126518536233,259.746981972508,229.328362167538,243.338791773891,105.347142562287,113.1332097097115
2007-05-31,254.74522529493697,261.086859307865,314.71044451855,201.749791180412,198.93944527957905,214.101906300682,213.794888944775,251.63352339921002,279.86988307198,283.7621242048411,211.99751155016497,264.998717812221,234.210415391564,247.064907355218,107.60437710244801,116.97069782689312
2007-06-29,257.692922849662,264.284955329965,318.076857721274,203.761415515397,200.10944087469503,216.480843597089,215.825757189313,256.30746512796003,283.233384507008,287.069817316756,211.434302627472,265.694326965041,237.44792858750802,248.42392784475499,108.47894681720899,115.26051447482523
2007-07-31,259.124656679663,267.137635770741,318.543976874089,205.070043866594,200.647019337952,217.73350463779,215.79811035256802,254.463228833778,286.04262522431,288.40954968186696,211.142289663042,264.299411077085,240.296848356628,248.530588987984,109.428310251006,111.65164163601222
2007-08-31,256.004846474085,263.241627029794,316.747105270667,201.67295453697497,199.56949238609297,214.22331786546002,212.627130101936,250.803077564983,283.779619329794,284.606880837426,209.767799056348,259.595324066512,237.06986379911098,251.611251653651,107.63417980390801,113.08444331480447
2007-09-28,263.60578679648603,270.93022925333497,319.731782741485,206.41581463534803,202.370963803587,219.387663888363,217.620700050254,264.270962563906,290.808556480291,293.966184259521,212.30946189295295,263.357592694556,244.583031944481,256.053127896659,109.677262751735,117.46245097802996
2007-10-31,270.96252549031897,279.821608365105,324.465874661654,212.367432717949,205.674240247405,226.047903066455,224.057413940718,271.116319818759,298.50805168217096,301.999746074541,214.899815516742,270.370586019019,250.90935506661597,262.500781986304,112.838286062165,119.05599326148143
2007-11-30,267.770014356339,273.17967105273897,318.324530048538,209.006461051039,205.01786641179797,222.03234894519002,221.18308161572602,274.11456985299,295.668488380103,298.888317414207,213.539978881935,263.393042526286,250.93655644556702,261.12680312931303,110.777214448615,114.44468825952845
2007-12-31,270.416883467363,275.405252945273,318.325167280873,210.51915186901903,205.316046052562,223.34845147817902,222.35083336507003,280.806795193777,297.727845538071,301.96240376015,213.779974848764,264.480213955183,253.655450629421,262.95969419311797,111.352862856017,113.15596634723512
2008-01-31,265.498603692599,264.055501152056,311.439207325872,206.294018197631,205.62345987027905,218.062596874263,219.20029051913502,286.623489396979,293.082126860861,295.67423756699503,213.359958321523,257.054404124477,254.935213893603,260.82382360503397,109.17937955766199,106.31441965899856
2008-02-29,271.899470718035,268.636851567455,310.10259494724096,210.31296411601897,205.835293814169,222.40005797946202,222.61823330266498,305.511613793838,298.811100132848,303.190541601367,213.741320942575,260.808312564114,263.04868484857496,262.165696658802,110.33145941290701,103.5669927209923
2008-03-31,267.234898229631,262.083692350359,306.292812627081,205.497704879184,203.689366386326,218.257312764447,218.12773831136903,304.235742936623,293.583525016205,297.758273574155,211.49759554112998,256.198556740494,259.358384246011,259.11909145763,106.621072264041,102.64085685960987
2008-04-30,271.084322274545,267.711884950725,308.302600500966,208.398467635418,206.28110634716305,221.64582337326598,221.21857085936,305.31035400820497,297.027868012766,302.175478613925,213.939483161302,259.79909576964803,261.139919014271,261.033253358975,108.10273076885099,107.53296387113969
2008-05-30,275.881778797462,273.34192487407995,311.506351716155,212.583225381521,209.00993471619802,225.30845217250302,225.476197502011,311.470233002416,301.259148087125,307.37305699798304,215.26031430452701,265.489006653034,264.069392461107,264.526286765061,109.862545699625,109.15843689414919
2008-06-30,274.434989023885,268.34534520888,307.84445908771704,212.56735653097198,208.63049316395401,223.593747630136,225.268478753471,320.915902299218,299.27199213946,304.96024207304197,214.165966868325,259.868056934897,265.616576004273,262.869703875776,108.996461106814,100.03547268781656
2008-07-31,269.871039972283,262.54465742915903,303.886945409698,208.205644306701,208.945375563193,219.275458296828,220.974100888723,312.83338860043096,295.64575754877,299.49115734439704,214.12444747693695,255.916220281171,262.873223713188,262.239761799512,107.389940869493,99.13658550563324
2008-08-29,267.604708048989,258.47117276517,302.31435833762197,206.275034819262,210.131712438881,216.85622939063305,218.460693990612,313.589254931969,292.547151562207,296.94641790437197,214.423463490516,254.764717368732,261.14367691384103,262.27254779612997,106.43822128932699,100.66860734014813
2008-09-30,255.855877594333,241.522388129025,286.891083245209,196.998569293661,200.79524192703602,205.860684233335,208.82277618919701,312.914977552314,282.560660924871,283.20688017091703,205.605931526865,236.66023050666402,257.768101761754,254.735165144828,99.1683298441905,91.18827119557704
2008-10-31,244.94117807660095,225.627615996383,259.846487550392,188.82164237656,188.67201614852797,198.26852191217603,200.71876389056197,324.25165492313,267.759510009171,268.629991937432,193.040206975109,215.46978569729802,255.10812850917702,243.90820200302,91.0601080144165,76.12521653579067
2008-11-28,242.08415903161801,220.513343989935,248.102987415076,186.660762146151,185.937706773548,196.504785563652,199.640262331338,329.387138480899,265.95348856787,264.873785041756,190.019358580448,207.646783443475,257.581350115308,239.432205554876,88.4240009468257,70.82639353431787
2008-12-31,244.80480560869304,223.047074558079,237.346789012831,187.342631595996,188.846139465,197.25959136617698,201.054320671519,335.434326391464,268.473261433276,268.346232488074,190.28005802462502,209.200087402341,262.42561866259996,243.298146825575,87.3214027325152,71.52023535562111
2009-01-30,245.73586245758202,222.307578126109,237.535844415821,189.831308082351,193.587888215998,198.585529530095,203.506900289903,337.479975924889,270.672047752945,268.597517965598,192.30967969431597,211.983573615444,265.413212739533,245.048239513815,88.74692055716541,65.64738111310056
2009-02-27,243.76774568853,218.798669515554,233.041196032054,189.924836970424,194.746994305244,198.060620186691,203.52610601926895,337.661633623946,269.349955663632,266.207220000523,192.213672907648,209.36315749325695,265.75341253998,243.33271919726002,88.45493230318381,58.593651962235526
2009-03-31,247.82585154163,225.22311042506303,231.71986691503,191.44043936814398,198.308072795018,200.00381976165696,204.012921933829,334.024390845952,273.544361315737,270.82130209176,194.092633428382,215.125529256988,269.849081416605,247.448257398334,89.79607833573259,63.47511032674777
2009-04-30,256.568459591547,236.609604242708,242.647934414694,196.00357010259896,202.840239235385,205.139036186233,207.776433542198,334.526335850297,282.59709599047,280.866501061865,200.159117724971,229.42871178385502,274.015480208442,256.607917164947,93.32992741818241,69.78112355919285
2009-05-29,269.38698236244596,251.011246282235,257.810952267799,203.655249815452,208.901989370699,214.472133141426,215.587582815373,348.557233793996,294.57819215072203,295.64971745584097,206.74538770504398,244.240304579253,284.314395745252,265.823549347684,98.4120291745513,73.86007221774074
2009-06-30,270.68438181437597,252.19332862534802,266.285796187472,204.68068695618302,212.568170003817,215.59631581838798,216.897311434818,345.43225287289397,297.569357483993,297.057820334987,210.211579000797,248.659979784682,282.949416667183,269.267747252905,99.95319259142929,73.81170866244253
2009-07-31,277.177013271727,260.396476332193,278.923663711609,210.271675858615,217.215091557971,220.872623232547,221.98293591647598,345.03032824372804,304.818622834311,304.180314256454,216.34059776347598,258.74089938212,288.301042222923,277.806351268467,103.512704463365,79.3184805102777
2009-08-31,281.232030096695,264.523628612055,287.928994242276,214.051489489931,221.313174603797,224.16937730799998,224.688904102707,348.46577800297206,308.245882948408,308.308486373408,220.988408325001,266.29401758269404,289.5999050934,283.407094113977,105.93912815433501,82.24847739929182
2009-09-30,288.610266250291,273.050974608652,302.041729738121,219.04161360775902,225.644724777336,229.815569503256,230.238018220082,352.305413210016,315.7882060311331,316.8588590223701,227.992901202362,277.304495051549,295.392879619249,291.18918391733797,108.692369076667,85.164762540112
2009-10-30,288.546674474415,271.366114539541,308.373020365566,218.728093710973,227.48333311645402,230.27482949837295,230.668102359907,349.858023131081,317.647990457007,316.07186180979403,232.329098083439,278.990651940778,296.669011079995,293.13232701711604,108.858120740878,83.52743235125851
2009-11-30,293.448102928114,275.301883539201,314.889980137313,221.17631148530103,228.88977192106896,233.30805993613498,234.173194899994,360.6999517541069,321.790583527283,322.237602502049,234.762370512512,284.330511160718,301.358203984265,295.793107250822,110.331017658373,88.67332071558606
2009-12-31,296.773083640317,280.711189548316,322.112703502439,223.13373851447705,232.235016285154,235.940612212215,236.638465144884,356.74271532150397,325.30128519993696,325.90886724692297,238.034829216025,292.86841214596,301.548419934458,301.23278629603,112.948741012705,90.36705605041911
2010-01-29,295.4168410364921,278.224712237892,331.219029158121,223.525381294905,234.040852058588,235.263793121937,237.42414458099896,351.076975800992,324.771956443669,323.566615507816,241.163451621871,295.623992538075,300.80203726250704,302.105973856069,113.90986450351002,87.0828947385423
2010-02-26,297.505909011566,279.99490362926497,334.20947968344603,223.927589793937,235.988753714273,236.42292220012797,238.22016943238896,353.38703333896103,326.616534927173,326.17800337024397,243.073482814761,299.611959012612,301.59835084653196,306.466865646607,114.144302272417,89.79940183638617
2010-03-31,304.296202408194,288.2804782450511,343.628623230556,228.911933294967,239.012317260087,241.575448792138,243.229398941772,358.3896581758509,333.165739394991,333.784427804666,248.114244928221,309.480403414698,305.081088352145,312.02841203560297,117.45714196199499,95.26637617117063
2010-04-30,307.896750145655,291.789145074956,352.931440043263,231.461831943762,240.92108957366,244.05441681182998,246.42136768070802,362.37467016717903,336.05223286538995,337.86207917490896,251.803845207716,315.33911909697,307.336851675759,315.469578463615,119.63183092931601,96.74014587810332
2010-05-28,300.744043747733,280.823562120018,345.2652511235849,227.674636460961,237.378313311715,238.546378976051,241.686394856552,359.225894582763,329.350843695267,329.172207195897,248.983199728485,305.877147173406,305.397412587722,310.91231724145,116.854035237812,89.05370771675754
2010-06-30,299.462406478684,277.179290230138,343.279174752792,226.97261284363398,237.28812892025502,237.720217226092,240.929181352775,361.061203309784,328.14429376518797,327.711267483065,250.55521599591202,301.862895783483,306.04310077705003,311.63033209136796,115.508153445159,84.44597506605241
2010-07-30,303.950695542348,282.97360108718,348.89434007227004,229.21226860106202,241.019558414091,240.39132300727695,243.710642740294,362.375401418683,333.16233647943403,332.662557274192,255.219409103965,308.699498638328,307.448776522618,317.411031551157,117.26043785544,90.2136881706757
2010-08-31,305.15170313704897,281.101906145577,349.64205389754204,230.406409198731,242.339061671894,241.356322914438,245.29135132213295,370.781186899366,334.471400892934,333.97468558334,257.68799733008,307.043028848944,310.170079615301,319.429318722151,117.02822580168801,86.15584678747953
2010-09-30,314.684995152818,292.665755468894,356.60851739433997,235.61930148178902,246.455992654459,247.79341107812095,250.9903072895,381.73187711293997,342.962788540456,345.273636598812,262.20824194369,317.47816460432597,317.195649566484,326.213426264134,120.696425207982,93.87152502382645
2010-10-29,321.47373226164297,299.463337162445,379.7985176152249,239.278747209559,249.713840878749,252.500689399505,255.02306909313202,392.61640157786695,348.91985955864305,353.52973495235,265.772157061157,324.714319196115,320.078553353328,330.849174227997,122.874886766883,97.45755761689512
2010-11-30,322.244605629092,301.529894516798,383.717903203825,238.938814297843,249.914942262048,252.79056783161099,254.62629536495498,389.162300173592,350.349080590288,354.314408363087,265.98469151484,327.525035860442,319.625911508863,333.687644836173,124.16432680784901,97.45755761689512
2010-12-31,331.054535193569,310.96427989582696,395.367697963698,244.590337941432,252.487639775842,259.072709477018,259.748486762663,404.656365027751,356.826314705863,364.9263190845781,268.92543732717303,338.749228553914,324.620450936578,339.987072838102,127.768158891403,103.97284982648634
2011-01-31,332.31631490771304,312.397301131185,403.52125688531305,245.532880585459,254.652984735101,260.13979945585703,261.156041569585,403.78300816426696,358.18465551967995,366.013965832425,272.10961223075503,341.75798799994203,323.25869229075903,343.7552939129921,129.435006854691,106.39544362559904
2011-02-28,336.00916863052004,315.596546040892,409.903967929618,247.76394698252895,256.492132511077,262.925152291216,263.16011358089696,410.09216311254096,361.07786956487604,370.102073228912,275.67345919765097,345.967212461812,326.352148440695,346.522634600549,130.693785231267,110.0913298199132
2011-03-31,336.946477164487,317.21992255014703,410.92122125712007,248.13273421991198,257.988904409133,263.47567985406897,263.636820914658,408.260471398452,363.897984599624,370.901572341218,277.20131582060503,346.08564676535,326.870839858117,349.25827299674796,131.196359556264,110.10453991878298
2011-04-29,341.921986928182,321.28659833268,417.58224301807,251.803634490406,259.362391460357,266.918886332788,267.01772953193597,419.40486848749,368.4852864677311,376.58071774901003,280.088787638506,350.351150577688,330.957702247344,353.401897707407,132.45442843713002,113.29334985533116
2011-05-31,339.1259581723,318.164071158102,419.00911679222,249.96652863568198,259.352124892211,264.698431870744,265.102629852854,412.18515607490195,366.355416338832,372.919958939477,280.824059229336,348.88363302723997,328.382760264137,353.51254916157995,132.323244916086,112.02280893066528
2011-06-30,335.553116594135,314.717978991341,417.1158292399469,247.49294413793098,258.633437119237,261.964542603579,262.535375507117,404.565004216727,363.79881711255206,368.5010922564009,279.773874721348,344.74212071079904,325.395680685488,352.741293196464,131.268234341022,110.13300471755585
2011-07-29,337.128892717016,314.604604017505,419.09839571544603,248.699529852598,258.11898522498296,262.88919253588,263.79636846802896,413.024567247032,363.979105438256,370.314531908749,280.73330848484403,343.60378019472,327.121082123918,350.834162189248,131.221566677174,107.92984449403005
2011-08-31,329.815409003936,301.92841317729403,405.92614531914,244.81332809864296,254.60477580330502,257.33720054758,259.603105463273,414.420386934864,357.78410966063103,361.470252996052,276.88860150260797,330.490336788065,326.22101808161597,341.409193126385,128.40479934265,101.99635148926384
2011-09-30,321.476360176904,287.719722061013,392.036032353886,241.24768515391202,251.91739424634997,251.412216701573,256.28975820251,414.73509798959395,348.64968993527197,351.216923251824,273.606077206787,316.955886542428,324.452818938063,335.686919332216,125.64388504731899,94.91568528984043
2011-10-31,327.985559925747,298.87996506668,400.07470563514505,243.26950077946603,254.82115896442403,255.61427273178,259.105293202586,408.7373313231791,355.841495631363,359.1930824167431,281.14359688145197,328.352626353483,327.344704930833,342.680156232717,127.830864889903,105.2754583041623
2011-11-30,325.348504561887,294.032171142311,395.980357569498,242.269389765108,254.50044484942,253.32901474718102,257.759352009463,410.682897832798,352.979258157152,356.28644412629797,278.820373269362,325.312360642896,326.204035059473,341.06030984160196,127.70301379333401,104.84765024036224
2011-12-30,325.529790232977,292.736463918587,400.14177555849295,242.483763519028,255.55530648882302,253.233206125416,258.548950959847,413.60518291222604,352.51886783520797,356.590692746182,280.797829406412,323.997099894074,326.528465733374,343.04911249166804,127.549331246207,105.9431307523881
2012-01-31,332.948663313045,302.375236288672,410.247755467162,246.45381451060902,259.53675622202,258.183350977919,263.779218776185,416.47034904834493,361.14023984698304,365.311945177174,286.545277957691,333.660380144132,331.226761826801,352.618665141297,130.44498427733802,110.85619302432293
2012-02-29,339.48152390098096,310.537526278367,418.560484673495,250.58127807884102,262.617267293278,262.606188919236,267.827251930257,420.78533167155604,368.524150595204,372.911809315632,291.277984359991,342.713770764249,335.35641027789296,358.37766412777603,132.500378809566,115.66795253576514
2012-03-30,339.330466682992,311.029737197606,422.539635719787,250.60399928849097,263.490288392751,262.704926821444,268.79544574083,417.586893070271,367.97239048145104,372.60051062793406,293.011994606044,344.306082114511,333.06443617776796,361.158036875614,133.564042104211,119.38828273351149
2012-04-30,338.552603310107,309.203528643626,422.500704303412,251.04415343299598,263.953805974399,262.355843612031,269.086765604683,417.585638055206,368.118317540389,371.24660970588997,293.848325105769,343.771080053479,331.71866940506,361.913438382347,133.87793048091,118.59128356936569
2012-05-31,333.139163861895,297.904228088798,417.355223020851,250.023764457466,262.658494038087,259.437534318691,268.232261638126,423.502622382779,360.66846819245,364.181579686253,291.743209216573,335.192085506811,329.499628975014,356.72549636867996,132.493500578473,111.46919329696173
2012-06-29,333.979573567463,299.60951084557,416.95792504239,249.49999180173,263.76568617517603,259.712948302316,267.90558580657796,419.911897885084,361.585054637384,365.07185087124606,294.722987601083,335.911696502422,330.323734012648,361.484038023265,132.861130286007,115.992747670922
2012-07-31,337.83014438158796,300.875114617814,421.4076898541209,253.324766142955,265.580287802912,262.237597191257,271.751708219414,432.10388414247706,364.49838848838,369.271094372117,298.264942220943,337.848650549328,334.689172510396,363.307439516043,134.404601038372,117.36484218074257
2012-08-31,340.419987769549,303.811605748079,428.704393834774,254.75572695929,267.530506866212,264.212706959584,273.678638465989,432.70400276863296,367.2244095008889,372.18411012614996,301.073071856707,343.125898846558,336.769773005069,367.299166794931,135.891168873799,120.30516088463881
2012-09-28,343.761239451862,309.207912674949,436.1032907981069,256.420524674502,269.00194330919896,266.641200936543,276.207871060868,430.740292932529,370.92143777851,375.96523140621696,305.077600991464,348.4200376916491,338.28448010445203,370.672637693397,137.569102110912,123.35499115615043
2012-10-31,343.20170883585604,309.77102644317904,441.87802256523696,256.20014907939,269.137251197654,266.522621751198,276.369286971199,423.3072588645781,371.547771195225,375.101818546064,307.898162253194,350.062840404698,337.267759493456,372.150480188329,138.547065422897,121.11017883722401
2012-11-30,345.004730819049,312.016423083338,445.923702591316,257.697009392279,271.298195308633,267.933424762875,278.274063774369,423.924427601738,373.32007672045097,377.0726860630529,310.07384200580503,351.510189177709,339.321056192843,373.40037810909797,139.431491934513,121.79561423197374
2012-12-31,349.680433565674,317.759398655008,457.335221545886,260.68813909834097,273.87058313195,272.110853414362,281.685959397506,425.14738293563204,380.381973289271,382.141818537706,313.720623975663,360.07076699182,342.603374140878,376.76962897584997,141.707395064662,122.88379802655716
2013-01-31,357.197298296468,328.084570761556,468.234250294086,265.511901734746,276.789847672877,277.887308476825,286.426245508787,430.349552437911,387.90489568547,390.615191803526,317.870340961496,369.482298304264,348.129406430894,381.485150387789,144.921705621995,129.17424492845834
2013-02-28,357.992194495135,329.855066585886,471.737384028507,266.62818019100604,278.049922421484,278.905006135053,287.49074051689604,428.1701283989849,388.750807259095,391.277298453107,318.973876619557,370.871001594794,348.061106258375,383.852385795362,145.703970884123,130.8223453762868
2013-03-28,360.851761573562,333.49110587112204,479.264171468133,269.370769318652,281.398687362732,281.11716699354804,290.27690714900797,429.99363637931,390.1307021630049,394.28967636044405,320.416390988884,376.469337092693,350.422082140633,386.50114088556296,147.552768754139,135.78982899914652
2013-04-30,363.602780982948,335.96996465563,488.260091269058,272.048273142122,283.214691677502,283.84644712820204,293.547467279712,432.24394575532995,393.608086384469,396.77348663791,323.623110723352,378.1092983469989,354.303976455179,389.55495309484803,148.960247909716,138.39869431321966
2013-05-31,365.278146375139,341.350795638369,499.46676219602006,272.798922330393,284.210574187774,285.85687964913603,295.35645216937,425.99279744821,395.407930556174,398.367605292324,324.370338930179,383.941992733366,353.847284614421,390.228118828229,150.608130953992,141.66622518992557
2013-06-28,360.5997815315029,336.41723892106,494.26755397344704,268.97009035659,282.823541386429,282.97531232289396,291.462408621436,421.9287210896549,389.203367477094,393.088113520502,319.68051667495604,379.15277787980796,348.906771871611,386.606036785362,149.075471311694,139.77573690955592
2013-07-31,365.02151459016403,344.3819793183789,499.590957582643,271.60579752131304,285.573396584003,286.34121152099203,294.10622043129797,421.075749097507,393.769768037904,397.937818416154,321.561144487917,386.160669178145,351.509129725011,391.217668899352,151.046881512044,146.9989703267584
2013-08-30,363.838115558709,343.27025490374,500.371162565783,270.620201002493,285.13873359487803,285.422234373398,292.584231622993,419.045246951207,392.65691352111,396.477993957709,320.809678221823,386.944302241454,349.553184803675,388.913046359033,150.520489038443,142.59009602860192
2013-09-30,368.686687145328,351.801977659092,507.312941049825,273.32493433414396,288.443084175933,289.24501950735197,295.66386816592,417.728135252042,398.220586735903,402.096854359361,324.18664586400297,394.19591046523595,351.188985674918,393.788236317509,152.432564609446,147.10255331145183
2013-10-31,374.514026554645,359.81708667134905,515.436483139087,277.21070959154997,291.340422141356,293.59540656453,299.852667150568,421.6374625805301,404.66434553263,408.71672681612,328.743459854384,400.968470625042,354.34758002857,398.22352280703,154.619718724677,153.9143582753631
2013-11-29,377.639824590569,364.1509762877211,521.6381220206,280.085609387164,292.715596177323,296.509572902527,303.08142315339296,425.276178967861,407.144259530122,411.83833664523,329.960903083643,406.91630882376603,355.62264348356,398.216261507668,156.48534855114,158.47605319945478
2013-12-31,381.630987841911,369.617238596864,527.0872133126402,282.782340911511,294.319476779015,299.562612879421,305.593947958034,428.53659818923796,411.829213381503,416.36228723249803,332.314774963329,411.840670446602,357.59758928354796,402.97997464028396,158.278185586397,162.58481958980136
2014-01-31,380.57806155316,368.221241453208,530.645324512731,282.938712055745,294.689290466026,298.850974326931,305.614254199536,425.093021230164,410.129627340712,414.833313306257,333.66732069886103,414.95643194254205,355.421365422687,404.464673708863,158.147703734223,156.85394730751506
2014-02-28,387.10435600007,377.22568991832003,538.693234220148,287.05520413856203,297.47697061063303,303.48230947667,309.520619195981,431.93901892517306,415.84496958676806,422.221025200466,337.122368670321,423.40101015402496,358.051596918973,409.3766063981929,160.619188405113,163.99328367562413
2014-03-31,386.42461987128405,375.157455164134,542.240031927942,286.512930222082,298.65398325037,302.695258627406,309.202781905847,430.187409912624,416.744839229234,421.49090668104105,339.110835481457,423.43621053441,357.313877305475,411.861182740062,160.816884812164,165.3537566427681
2014-04-30,386.389604927114,372.591929543397,544.843313806369,286.249825747461,299.49149681436796,302.071345892369,308.6543491015761,432.107576592227,418.593892134977,421.760624487433,341.27859451992003,423.756323072835,358.046248920649,414.14155835974,160.338853357688,166.50321766237343
2014-05-30,390.355419491686,377.072677412202,548.180499944658,288.753213017004,300.502309192244,305.093530819123,311.309343001637,436.41174877000395,424.02025880040605,426.132038718137,344.57319130141195,428.60662593433295,360.42067618374494,416.713654618655,161.66369526649598,170.36707277206327
2014-06-30,394.583870806616,382.377858959651,553.45880944821,290.794565652677,302.877831705763,307.81917409227003,312.980111666926,441.000279914759,428.41972199068704,431.271346394367,346.409476519682,435.60407373672996,362.99121605733,418.5000740583,162.977969128669,173.8843338032369
2014-07-31,394.233711372573,381.218606548501,553.970559464066,290.35645924656797,302.411096839812,307.41727865557704,312.525838490152,440.620630355473,429.33720917946,430.96330064667296,347.0633468076091,432.22243411534896,363.567709502345,418.842215095252,162.673727352997,171.54774246022967
2014-08-29,398.7805160460141,386.058796623464,555.334571567297,293.07288032476504,304.907713233962,310.720311759634,315.325970129921,448.775524464795,433.79072073330804,436.245503958974,348.6974836755329,435.24734108698,367.1954959624431,421.315112223395,163.07175968297898,178.31756089585755
2014-09-30,398.171699818615,381.87135460369,548.732468027538,293.545124083777,304.648158537279,310.112962230314,316.730148018884,457.824227797293,431.67979794269996,435.420040590571,348.314262340559,429.205577350837,369.323998638714,417.682239116013,163.38255366148599,175.85751821462094
2014-10-31,397.1739347998349,381.406180538003,543.154881181711,292.95525409415797,302.530814934069,309.611127857629,316.448620756507,456.10904395039597,429.4800822972789,433.924239784618,348.81687733490304,421.969204634154,369.800672685128,417.363355102102,162.051819881179,179.99904382598515
2014-11-28,401.273178406116,384.126604321939,541.810725893975,296.531917696899,304.199531136507,313.082169555093,321.11177375424,467.412875456194,434.12455860032,438.243538546879,349.056438641378,425.009920831755,375.4990007226661,417.994096984316,163.441630849517,184.94401403523602
2014-12-31,401.574353445478,383.91711442933604,536.442823134205,297.2202097325,304.487855915928,314.089166747094,322.79933852756903,471.631318789069,433.586689884618,438.110040086624,347.197828888984,425.242479718218,376.23822658851293,417.108845595332,163.092922582764,184.47488070817082
2015-01-30,404.947738614317,384.173412078658,533.164382303919,299.74190768323103,304.941647846865,316.401371598305,325.805515945816,487.108827492839,436.207161043497,441.827505380235,348.191121760884,422.345409009554,382.17533378420796,417.359250060106,162.95954997481002,179.00903128399196
2015-02-27,411.435539062421,393.524470074967,541.153673065194,303.886905682237,309.74092842711104,321.80227846850397,329.182484187431,488.97498810442596,443.652829023723,448.9592820463951,351.79537989756204,433.051439916417,385.358952657417,424.59678567701,165.278320284518,189.07015573399244
2015-03-31,414.445303073135,397.216989897798,542.5364892181569,306.322392366366,311.255720658814,324.632594208189,331.257166465037,492.81188850981596,446.557174638397,451.964099795868,352.811351633222,435.512490360346,389.52010876249705,425.761353095653,166.223538547861,186.10071096630506
2015-04-30,418.470174370977,406.35223477781403,547.5952457371679,307.095344866216,314.163870385321,327.80003710785803,331.125353837604,486.077803789039,452.280328873405,456.081820597586,355.585000069055,441.899086360397,387.685564889368,429.667257191861,167.09762474143102,187.93075810385983
2015-05-29,421.853784485819,412.363357961789,549.140987430427,309.441150538935,316.382560492957,330.523660524992,333.297894087047,487.460785223515,454.385454458134,459.655477134676,356.159437611381,445.52698913148805,390.290300200259,431.921453780558,168.489095823691,190.346868465495
2015-06-30,416.91425880889295,408.0221491764231,540.54746294811,305.54688745072497,315.353585969839,326.547000432095,328.549561342838,477.63557315513395,449.9978067155809,454.42634586058296,353.94976952011706,440.87934025027,383.919813326179,429.407422359313,166.446150558165,186.48052031067903
2015-07-31,416.870565346812,405.092237966643,537.583688770917,307.19095771470904,317.286029904663,327.754406888107,330.810144737806,483.535824635857,450.826599272661,453.727445589027,354.662978517704,435.945064616099,386.505551900699,430.055711992734,166.795632416553,190.69296089468705
2015-08-31,409.09513669103796,394.384635243514,527.077973421863,303.866646600637,314.184213955239,322.650673795349,326.892546353965,475.557325416696,441.620532631021,444.187615839095,352.19598669337006,426.85565657326106,383.366515294703,423.99006703985003,165.09417207664498,179.07020209855114
2015-09-30,406.182207000867,388.5310750874189,522.560642541825,302.123316902002,314.34155714268,319.94438465253,325.26987522191297,479.357963584406,439.384216060343,441.031424999402,349.739156597796,416.61195686800005,381.4208425021,423.198458297081,162.60938260211202,174.50105844207025
2015-10-30,411.7615741545349,398.445088770705,525.053221054772,304.081071608316,318.801335783023,323.77194453337603,327.21195218928,476.250541210524,445.344954975394,447.597247658254,353.312324528027,426.3881325645591,384.766388595595,426.492652127823,163.241996666982,189.34405626498818
2015-11-30,413.879724438254,399.742193305596,518.0770849227121,305.962644341181,319.17107273600203,325.383881287818,328.748088354713,484.46360412135397,447.018035425681,450.01141987745694,353.700488079176,425.389316202874,387.04763390853896,427.130393061308,163.358906667309,190.03610430992015
2015-12-31,411.050382375948,398.006090574863,514.047062857027,304.32876137723497,319.810690866056,323.496683146975,327.324830772174,477.314814571009,444.71157644617597,446.631415103751,350.941166559067,423.449635355809,384.048757297455,425.994265291401,163.080016416248,186.7518517890753
2016-01-29,404.13549528054,382.840554364357,504.885645132472,301.340471303898,317.48742057603,318.07118108778303,325.057921852761,484.2488940919709,439.095443971658,438.805072800523,347.876347533144,410.14112090917,382.99843907358803,419.99664759568606,160.141508310812,177.45410079700676
2016-02-29,404.49990693395597,380.24875049875,500.387802670684,299.836125548388,317.425056406721,317.365572806289,323.508827634207,493.266662307844,439.511916634222,439.96433539924203,346.23881236126,411.8952021181791,385.452731063902,418.611428332332,159.299599098564,177.30752798538163
2016-03-31,410.390723912322,389.311160158201,512.5628033863901,301.311533454265,322.236704568548,321.685343278721,324.956498858283,488.30990498452906,448.342598234028,446.795395183134,352.01575889188797,424.922804095394,384.96414428176,429.06692358280196,160.339411786983,189.2342862719634
2016-04-29,413.734146276202,392.635601979966,522.676422714948,302.112880489607,324.109725921442,323.187539593711,325.51327862775,488.6515310386821,452.374994700336,451.262370549093,355.98215394831,431.146225973843,388.32285682495694,436.078412070333,161.56195522363,189.9801172050441
2016-05-31,415.452449487247,395.300473650551,533.793689277489,303.58498325493804,327.786230041053,324.935802506115,327.002356156654,487.12581147492995,453.217683943339,452.869365516463,358.035706962247,435.40587178059997,387.633696261138,439.99507467693803,162.536115211967,193.2120157782394
2016-06-30,416.662723166941,392.599602934953,538.991624485785,304.671317052367,326.82141504755003,324.679734796348,328.043399132801,498.07980682278395,454.290143707624,454.80353624799795,359.66733784166604,435.861150688742,390.440353055476,439.6807990018071,162.80784855514,193.88355700685918
2016-07-29,423.392107299704,401.9482549719391,545.997755924095,308.67904965149603,329.408770729901,330.08948653387995,331.41249513779,501.093396748003,461.2905044724231,462.427253807911,364.47103664639,444.82794490086195,393.7070705039329,447.548604919396,165.361296754586,200.9547146713653
2016-08-31,424.820759242655,405.36125586786005,554.552746349366,309.731555673497,331.09302228101797,331.68432679109696,332.410768879326,493.567829804103,462.410158051918,463.577997778065,368.10140216892,451.30243016910896,393.289799935046,452.19990285572493,165.881551189342,201.1953847350087
2016-09-30,427.103414865957,409.304034415506,561.2451317146309,310.61340822927,332.731302098128,333.446287904985,333.330813174477,492.46041725250603,464.85182949059,466.289195569849,369.705077565309,456.077302952537,392.950600618987,454.8027109777,166.31543648781,201.20704428142196
2016-10-31,425.753353716299,407.547669986537,570.0265715650061,310.598906619305,332.912250206558,332.337224287784,333.08231787213,485.62602089562006,466.534649815519,464.63628673856795,371.548113025362,453.713252545705,392.41642352960406,452.950205293701,166.659157614393,197.7187116946086
2016-11-30,427.11988418583,410.012874277879,576.413902811805,310.799025986434,334.482500777274,333.895350028641,333.432994693492,486.035324008934,465.261246571454,465.914142922555,371.131585484819,460.235924575376,392.594679908735,456.171127118654,168.449946235643,205.00237105313144
2016-12-30,430.7641892029551,413.420152011028,585.607922996391,313.463595326884,335.67377168366903,337.174226444605,335.898835536646,488.771373243273,468.989977120633,469.671317058696,374.626982699018,468.42356121275003,397.292905300187,458.115609177512,170.049464075625,209.15812526350842
2017-01-31,434.811403207018,420.03961547669195,596.0811184608281,315.18156660912496,337.289911421157,339.888169664751,337.727829707985,486.531821875717,473.319030196277,474.53823784683,378.50463540913694,477.095640542661,397.789305435362,464.627190385198,171.90153307853905,212.90097647561097
2017-02-28,439.284371446763,424.848611163706,602.670940024162,318.07052431889196,338.996226966902,342.927267380949,340.888142479403,490.164383273108,481.84354554017096,479.68593028484497,381.793943014665,482.093017892024,401.248953872566,466.481633623207,173.475538981084,221.26614617255626
2017-03-31,441.48052629155603,429.15700098621,603.445641209519,319.318257815084,340.747310703844,344.52915543083503,341.939225859916,488.305556451935,484.44584541675795,482.177391179608,383.742588367053,483.209697355214,401.98528070897794,468.55728403175004,174.023293042138,221.54273736810902
2017-04-28,443.887003930002,432.364659893455,604.300621293243,321.075946989192,342.578191758152,346.709959246052,343.410388272261,489.320903037941,487.48090054611197,484.6480692882389,385.975768665217,488.04463925257204,403.19580698269897,468.375678032204,174.411610918711,223.74181599031544
2017-05-31,445.2697949479271,433.832808686729,602.5842147685311,322.86707019350104,343.668809877063,348.287103685604,346.042447382677,490.323069761315,488.937968825868,485.48103689732,387.687614279107,491.328570895346,403.508990007809,470.470916481919,174.954606448073,226.89944006054446
2017-06-30,445.768311111501,436.690348074411,604.458286382586,322.85127526633704,345.610179711052,348.708114986442,344.930566963467,485.152096313068,489.40551060234594,486.067328109441,388.57352095174105,493.979407754475,400.39738127668403,472.56141647743897,174.736264758331,228.3459078830467
2017-07-31,450.270252256711,442.73248395307,610.165657335323,325.53782385497897,348.627964715439,352.36895164257004,347.746031922599,489.546587938268,494.388785789778,491.0585564193351,391.537598345898,497.021057867735,402.3778564669,475.176416336212,176.28825467962398,233.0393845644479
2017-08-31,453.105205603789,446.015739140803,609.1665487966001,327.421192199962,348.3634755536541,354.791620134428,350.074722136955,493.715084823623,497.136513090964,494.227353459912,393.30693767154196,499.059833434741,405.355036898811,476.190261246503,177.393409258132,233.71933221962115
2017-09-29,455.55641415433604,452.616069603702,610.001880845996,327.865026231576,350.540841092865,356.791227298802,349.982452060289,488.445290014753,499.832331404255,496.97330126287596,395.156100632586,503.567905493394,406.484951564004,480.831943319497,177.89473336033,238.42864885847038
2017-10-31,460.966055163961,458.229711860951,605.920456896309,331.85666651915795,352.647823179214,361.44036289050797,354.95036954925695,498.796540781977,505.378893437937,502.58575482662803,397.088004814781,505.570542297556,412.181480822517,483.685934382321,180.206175394405,244.04693887121758
2017-11-30,462.452604884391,461.65255769524805,605.543876646675,332.347420287188,352.01684380358597,362.184238726099,355.3350625153251,497.816033002056,505.6258595506369,504.508007868481,397.468431463172,506.550739670606,413.458540003502,486.334450095838,180.257728422149,251.50649472458733
2017-12-29,466.759787903524,467.38039964902,612.402301195908,334.70151681966803,354.21725332667,365.457674356971,357.331089133598,501.4765221116409,509.3382676543029,509.414448112368,399.33978698330003,514.953300121953,414.781274684227,489.567246654488,181.88233145793998,254.5567506379497
2018-01-31,476.07192667066596,479.181649849057,626.341476081907,340.19364231955,355.690300652513,373.27280751033896,362.614366529954,516.012758228096,517.67890811555,519.412919390671,403.214086528568,521.990368037117,421.99279217044295,490.538550708575,185.720596706008,268.9032828463826
2018-02-28,469.178196817308,472.110547920701,632.38710637435,335.50329233703604,352.019733940151,368.707476817151,357.224592576747,495.664995189692,512.464422413813,511.159504796634,402.60861025022797,521.5333558748598,416.067088170601,497.951364772809,183.923915882184,259.12589429443057
2018-03-29,466.37157707096605,467.920635455523,639.84326559938,334.19209044245497,349.414855265458,367.31754324951004,355.86446919504203,493.54117822983,510.237823260034,507.38769726365797,402.331943948496,515.253934614059,413.944201582525,497.627152993939,183.440926107179,252.02314792399648
2018-04-30,468.2199189277449,469.90899314538,648.751961289801,335.608064816186,350.549145843778,368.445519438842,357.714204425183,494.89287651550893,511.356510913011,509.609711348775,403.23757774935797,518.727094235986,415.44584401531,500.200422397808,184.114851255375,253.3256423904624
2018-05-31,469.882612102889,474.747385782953,656.361827913601,335.059384530592,352.096950891617,369.878738376941,355.840566663927,493.689622295041,510.2119947531649,511.813141007804,401.963910354879,524.402289575504,414.77679088046096,503.57990746952987,184.880050414394,259.4837374790039
2018-06-29,468.025933770967,470.93543883557504,662.8007927831479,334.470487349268,352.66425298464895,368.9404523528029,355.78435100248197,493.260426953943,507.05265980102007,509.4207589624609,401.52651171020796,525.627774874682,414.244084612543,503.197612905981,185.02242106262,260.97603780794145
2018-07-31,469.517206951392,472.42449048967904,665.947978302875,335.841114729669,354.026442709256,369.6641344549189,357.4828019462201,492.158292531446,509.60076552797796,511.26784704219597,404.8259483958551,527.057869149643,415.020127702757,505.9780358748481,186.21251907837,270.6442796281502
2018-08-31,469.430384237415,471.66452763400497,672.1677784782689,335.518843191663,355.134673761577,369.702194375549,356.254105057351,496.875044209086,508.11198999449095,511.3453774554551,403.871722897313,524.349366650856,413.043931340549,506.360111256967,185.960609540734,279.28316743815515
2018-09-28,468.897598689747,469.559502698562,679.4772162821131,336.64905256898896,355.866382240216,369.3420243626229,357.92237079693,494.475425111512,509.2120964840509,510.14085360201597,405.9219842787951,526.064615722173,413.41978947724,507.124508836063,186.297623360376,280.94362670115174
2018-10-31,457.824262890029,452.56028998608,675.997800245356,331.07831876741,350.853444735376,361.268836667306,352.637588925588,482.93539329147796,499.62983920002296,497.09968859419604,403.61504820544195,514.663542223839,407.945110271271,499.98714834057296,182.962159878349,261.52928100502555
2018-11-30,456.331030722473,450.669331503817,666.8482946239241,329.381699070713,357.121427050426,359.064019480139,350.556065184289,482.130802783901,497.636291237309,496.230019564613,402.0528181150991,515.347512989125,405.706610257073,502.063906476106,181.61727942539505,266.38044279065696
2018-12-31,449.053786922753,438.200307521702,650.041496055857,326.821400885447,352.25132119839,354.44574149342697,348.289659886584,483.800920829484,490.113999598638,486.850613697453,400.173323870909,500.895095138149,403.5751299578329,489.87706533116403,179.154241950166,242.9260566615952
2019-01-31,459.7290966586309,454.3790982036209,661.23734772072,332.78817220430597,354.399083499734,362.37878083988505,353.210521442409,482.894162115094,502.8596528761369,499.326208981679,407.132872285793,518.821133305407,411.584472340308,502.211850723257,182.59147978729,262.37609546721075
2019-02-28,464.30609625539,461.682529819634,664.498982991337,335.79161210514,357.457486215143,365.718280931168,355.82695865663806,484.18903577747597,506.480224365878,504.418930219882,410.160818487989,524.725080823151,412.853703074848,506.46329059196603,184.02755886261602,270.8811797211149
2019-03-29,467.60969174876493,464.047000092936,665.309047164151,338.577120125561,359.002365026747,368.625456821826,358.8372879922689,492.32923955594805,509.083235434542,507.437375665017,412.779279609671,526.477918819435,416.395562378851,506.5419580673481,185.11961663718202,275.78433061852365
2019-04-30,472.33920682430494,470.10696925876505,671.664739378152,342.308462030214,361.041804399231,372.597799569433,363.097316711426,496.320548423995,512.847263781208,512.390786272446,416.20552973543295,534.621420866504,418.851511646761,512.132491323255,187.93069947396998,287.05076637955347
2019-05-31,466.922378416837,459.8259455959209,666.320689146413,339.935587410605,360.563636825245,368.53240275522796,359.86206331745797,493.294287696331,508.906947708732,505.79036679675005,416.1404578583751,525.877398385261,419.304052613407,504.950095879731,185.978228960299,268.74518730179625
2019-06-28,474.83142006480796,468.930747274965,671.400005887976,344.799052411632,362.919558239085,374.288628605493,365.11127642818803,503.29768898186205,518.758498745997,514.833705834029,420.2425630872169,530.6011270463009,427.8003333605709,510.33816567238404,188.71449707195495,287.4462180619447
2019-07-31,477.47407660421203,470.907547171954,669.407748963719,348.051423606916,365.2330529736589,376.939637302562,369.12391436539497,509.45437764607203,522.1765757050509,517.02435093095,422.756646538322,531.300904205944,429.830449528898,511.102225858756,189.744315595239,291.7922645826228
2019-08-30,475.847331297267,465.42394133135986,664.12957117488,348.281224236075,364.996483468841,376.162890462096,370.099269882577,519.601381380015,518.008773007303,514.651901279532,421.85190364850405,522.411601592639,435.935770029833,501.517231085905,188.05800629585,286.9066866130545
2019-09-30,475.410878789256,466.31621000584505,664.62493765821,348.56934096285795,365.656358179758,376.233177250195,371.15032922488405,509.686579654402,519.385640297938,513.739911398229,424.171597896004,523.728930461901,434.11569176474,503.660309013815,188.131590496012,292.4892531133231
2019-10-31,477.268135792791,471.530658849839,662.742096356979,349.447361495421,367.67396521612,377.614685396455,372.363389274235,503.99041352493,521.031795765999,515.964922412772,426.203987265389,522.8923986564711,433.617586901136,503.468357881404,187.918741738828,298.95466161814886
2019-11-29,481.091403894717,478.10102958921306,664.136946784496,351.696409525259,370.04067997219,380.336412682948,374.299658047433,506.1255729151009,523.89932886052,520.557187802387,427.63520940658,528.0024902997831,432.14185142617004,509.664696559079,189.17285254147598,309.7762712420936
2019-12-31,488.052989714498,487.680279612609,672.696327456097,355.8370523355,372.656405327975,386.07772475186096,378.065066552574,510.211663130644,531.976948642459,528.2624722172401,432.122423142502,537.178502580433,436.82328496476197,514.926221937322,191.952071320144,318.77695462528663
2020-01-31,488.41306230159205,485.812849812021,676.2456270656791,356.92259469816,374.605383728302,386.59232057041396,379.485166846877,512.401920908826,534.392923243561,527.809868514748,435.31624558605904,533.847223058569,435.916269262528,513.628396912675,192.763707217342,318.64822836840614
2020-02-28,479.175990249537,472.008657406905,675.160822036451,352.713153243347,372.179715657344,380.267438547435,374.450283228112,508.497003204476,523.344459427696,516.33042864521,432.885335035667,518.0658824517279,432.924400213612,496.275724634335,189.64764990360905,293.4221992443185
2020-03-31,449.2927177832621,429.734899122797,610.792057170983,331.012137088214,360.495282150189,356.68970392992105,353.00127681249603,514.850478898342,488.555216429916,483.27493059530195,397.235083691145,456.590011809945,420.111796086979,474.503323429989,172.142633156699,256.782188651917
